Campaign,Ad group,Ad status,Launch status,Concept,Final URL,Path 1,Path 2,Headline 1,Headline 2,Headline 3,Headline 4,Headline 5,Headline 6,Headline 7,Headline 8,Headline 9,Headline 10,Headline 11,Headline 12,Headline 13,Headline 14,Headline 15,Description 1,Description 2,Description 3,Description 4,Pinning,Notes
Search | Core | Brand | All,NOLA Dustless,Paused,launch eligible,Brand Navigation,https://www.noladustless.com/,brand-navigatio,assessment,NOLA Dustless,NOLA Dustless Hardwood,Hardwood Floor Services,Find NOLA Dustless,Request a Floor Review,"Repair, Restore or Install",New Orleans Hardwood,Discuss Your Floor,Plan the Right Next Step,Visit NOLA Dustless,,,,,,Looking for NOLA Dustless? Explore hardwood services and request a floor review.,"Discuss your floor, project location, timing and the next practical step.","Refinishing, repair and installation options depend on floor condition and scope.",Use the official website to request an assessment for your hardwood project.,None,All combinations require preview; owner/claims approval; placeholder URL QA
Search | Core | Brand | All,NOLA Dustless,Paused,launch eligible,Service Clarity,https://www.noladustless.com/,brand-navigatio,assessment,NOLA Dustless,Hardwood Work Made Clear,Refinishing and Repair,Hardwood Installation,Dust-Controlled Sanding,Clear Project Scopes,Request an Assessment,New Orleans Floor Work,Understand Your Floor,Plan Before Work Begins,,,,,,"Start with a clear discussion of your hardwood floor, property and project goals.","Review refinishing, restoration, repair or installation for your project.","Get a plan matched to floor condition, approved service area and viable scope.",Request an assessment. No work or outcome is promised before review.,None,All combinations require preview; owner/claims approval; placeholder URL QA
Search | Core | Brand | All,NOLA Dustless Hardwood Floors,Paused,launch eligible,Brand Navigation,https://www.noladustless.com/,brand-navigatio,assessment,NOLA Dustless,NOLA Dustless Hardwood,Hardwood Floor Services,Find NOLA Dustless,Request a Floor Review,"Repair, Restore or Install",New Orleans Hardwood,Discuss Your Floor,Plan the Right Next Step,Visit NOLA Dustless,,,,,,Looking for NOLA Dustless? Explore hardwood services and request a floor review.,"Discuss your floor, project location, timing and the next practical step.","Refinishing, repair and installation options depend on floor condition and scope.",Use the official website to request an assessment for your hardwood project.,None,All combinations require preview; owner/claims approval; placeholder URL QA
Search | Core | Brand | All,NOLA Dustless Hardwood Floors,Paused,launch eligible,Service Clarity,https://www.noladustless.com/,brand-navigatio,assessment,NOLA Dustless,Hardwood Work Made Clear,Refinishing and Repair,Hardwood Installation,Dust-Controlled Sanding,Clear Project Scopes,Request an Assessment,New Orleans Floor Work,Understand Your Floor,Plan Before Work Begins,,,,,,"Start with a clear discussion of your hardwood floor, property and project goals.","Review refinishing, restoration, repair or installation for your project.","Get a plan matched to floor condition, approved service area and viable scope.",Request an assessment. No work or outcome is promised before review.,None,All combinations require preview; owner/claims approval; placeholder URL QA
Search | Core | Refinishing | Residential,Hardwood Floor Refinishing,Paused,launch eligible,Clarity and Relief,https://www.noladustless.com/hardwood-floor-refinishing/,refinishing,assessment,Hardwood Refinishing,Hardwood Floor Refinishing,New Orleans Hardwood,Understand Your Floor,Plan the Right Next Step,Clear Project Scopes,Request a Floor Review,"Repair, Restore or Install",Talk Through Your Project,Hardwood Work Made Clear,,,,,,Not sure what your floor needs? Start with a clear review of condition and scope.,"Discuss your hardwood project, service area, timing and next practical step.",Get a plan matched to the floor—not a generic flooring recommendation.,Request an assessment. Final scope follows an on-site review.,None,All combinations require preview; owner/claims approval; placeholder URL QA
Search | Core | Refinishing | Residential,Hardwood Floor Refinishing,Paused,launch eligible,Process and Outcome,https://www.noladustless.com/hardwood-floor-refinishing/,refinishing,assessment,Hardwood Refinishing,Hardwood Floor Refinishing,A Controlled Process,Care for Existing Hardwood,Plan Before Work Begins,Renew Worn Hardwood,Restore Before Replacing,New Orleans Floor Work,Request an Assessment,Scope It Clearly,,,,,,"Explore a careful hardwood process built around condition, scope and your property.",Restore viable hardwood where feasible. We will review limits before work begins.,"From current condition to finished result, begin with a professional assessment.",Serving approved New Orleans areas. Confirm scope and location when you inquire.,None,All combinations require preview; owner/claims approval; placeholder URL QA
Search | Core | Refinishing | Residential,Wood Floor Refinishing,Paused,launch eligible,Clarity and Relief,https://www.noladustless.com/hardwood-floor-refinishing/,refinishing,assessment,Hardwood Refinishing,Wood Floor Refinishing,New Orleans Hardwood,Understand Your Floor,Plan the Right Next Step,Clear Project Scopes,Request a Floor Review,"Repair, Restore or Install",Talk Through Your Project,Hardwood Work Made Clear,,,,,,Not sure what your floor needs? Start with a clear review of condition and scope.,"Discuss your hardwood project, service area, timing and next practical step.",Get a plan matched to the floor—not a generic flooring recommendation.,Request an assessment. Final scope follows an on-site review.,None,All combinations require preview; owner/claims approval; placeholder URL QA
Search | Core | Refinishing | Residential,Wood Floor Refinishing,Paused,launch eligible,Process and Outcome,https://www.noladustless.com/hardwood-floor-refinishing/,refinishing,assessment,Hardwood Refinishing,Wood Floor Refinishing,A Controlled Process,Care for Existing Hardwood,Plan Before Work Begins,Renew Worn Hardwood,Restore Before Replacing,New Orleans Floor Work,Request an Assessment,Scope It Clearly,,,,,,"Explore a careful hardwood process built around condition, scope and your property.",Restore viable hardwood where feasible. We will review limits before work begins.,"From current condition to finished result, begin with a professional assessment.",Serving approved New Orleans areas. Confirm scope and location when you inquire.,None,All combinations require preview; owner/claims approval; placeholder URL QA
Search | Core | Refinishing | Residential,Sanding & Refinishing,Paused,launch eligible,Clarity and Relief,https://www.noladustless.com/hardwood-floor-refinishing/,refinishing,assessment,Hardwood Refinishing,Sanding & Refinishing,New Orleans Hardwood,Understand Your Floor,Plan the Right Next Step,Clear Project Scopes,Request a Floor Review,"Repair, Restore or Install",Talk Through Your Project,Hardwood Work Made Clear,,,,,,Not sure what your floor needs? Start with a clear review of condition and scope.,"Discuss your hardwood project, service area, timing and next practical step.",Get a plan matched to the floor—not a generic flooring recommendation.,Request an assessment. Final scope follows an on-site review.,None,All combinations require preview; owner/claims approval; placeholder URL QA
Search | Core | Refinishing | Residential,Sanding & Refinishing,Paused,launch eligible,Process and Outcome,https://www.noladustless.com/hardwood-floor-refinishing/,refinishing,assessment,Hardwood Refinishing,Sanding & Refinishing,A Controlled Process,Care for Existing Hardwood,Plan Before Work Begins,Renew Worn Hardwood,Restore Before Replacing,New Orleans Floor Work,Request an Assessment,Scope It Clearly,,,,,,"Explore a careful hardwood process built around condition, scope and your property.",Restore viable hardwood where feasible. We will review limits before work begins.,"From current condition to finished result, begin with a professional assessment.",Serving approved New Orleans areas. Confirm scope and location when you inquire.,None,All combinations require preview; owner/claims approval; placeholder URL QA
Search | Core | Refinishing | Residential,Refinish Near Me,Paused,launch eligible,Clarity and Relief,https://www.noladustless.com/hardwood-floor-refinishing/,refinishing,assessment,Hardwood Refinishing,Refinish Near Me,New Orleans Hardwood,Understand Your Floor,Plan the Right Next Step,Clear Project Scopes,Request a Floor Review,"Repair, Restore or Install",Talk Through Your Project,Hardwood Work Made Clear,,,,,,Not sure what your floor needs? Start with a clear review of condition and scope.,"Discuss your hardwood project, service area, timing and next practical step.",Get a plan matched to the floor—not a generic flooring recommendation.,Request an assessment. Final scope follows an on-site review.,None,All combinations require preview; owner/claims approval; placeholder URL QA
Search | Core | Refinishing | Residential,Refinish Near Me,Paused,launch eligible,Process and Outcome,https://www.noladustless.com/hardwood-floor-refinishing/,refinishing,assessment,Hardwood Refinishing,Refinish Near Me,A Controlled Process,Care for Existing Hardwood,Plan Before Work Begins,Renew Worn Hardwood,Restore Before Replacing,New Orleans Floor Work,Request an Assessment,Scope It Clearly,,,,,,"Explore a careful hardwood process built around condition, scope and your property.",Restore viable hardwood where feasible. We will review limits before work begins.,"From current condition to finished result, begin with a professional assessment.",Serving approved New Orleans areas. Confirm scope and location when you inquire.,None,All combinations require preview; owner/claims approval; placeholder URL QA
Search | Core | Refinishing | Residential,Restore Hardwood Floors,Paused,launch eligible,Clarity and Relief,https://www.noladustless.com/hardwood-floor-refinishing/,refinishing,assessment,Hardwood Refinishing,Restore Hardwood Floors,New Orleans Hardwood,Understand Your Floor,Plan the Right Next Step,Clear Project Scopes,Request a Floor Review,"Repair, Restore or Install",Talk Through Your Project,Hardwood Work Made Clear,,,,,,Not sure what your floor needs? Start with a clear review of condition and scope.,"Discuss your hardwood project, service area, timing and next practical step.",Get a plan matched to the floor—not a generic flooring recommendation.,Request an assessment. Final scope follows an on-site review.,None,All combinations require preview; owner/claims approval; placeholder URL QA
Search | Core | Refinishing | Residential,Restore Hardwood Floors,Paused,launch eligible,Process and Outcome,https://www.noladustless.com/hardwood-floor-refinishing/,refinishing,assessment,Hardwood Refinishing,Restore Hardwood Floors,A Controlled Process,Care for Existing Hardwood,Plan Before Work Begins,Renew Worn Hardwood,Restore Before Replacing,New Orleans Floor Work,Request an Assessment,Scope It Clearly,,,,,,"Explore a careful hardwood process built around condition, scope and your property.",Restore viable hardwood where feasible. We will review limits before work begins.,"From current condition to finished result, begin with a professional assessment.",Serving approved New Orleans areas. Confirm scope and location when you inquire.,None,All combinations require preview; owner/claims approval; placeholder URL QA
Search | Core | Dust Controlled Sanding | Residential,Dustless Floor Sanding,Paused,conditional launch,Clarity and Relief,https://www.noladustless.com/dust-controlled-floor-sanding/,dust-controlled,assessment,Dust-Controlled Sanding,Dustless Floor Sanding,New Orleans Hardwood,Understand Your Floor,Plan the Right Next Step,Clear Project Scopes,Request a Floor Review,"Repair, Restore or Install",Talk Through Your Project,Hardwood Work Made Clear,,,,,,Not sure what your floor needs? Start with a clear review of condition and scope.,"Discuss your hardwood project, service area, timing and next practical step.",Get a plan matched to the floor—not a generic flooring recommendation.,Request an assessment. Final scope follows an on-site review.,None,All combinations require preview; owner/claims approval; placeholder URL QA
Search | Core | Dust Controlled Sanding | Residential,Dustless Floor Sanding,Paused,conditional launch,Process and Outcome,https://www.noladustless.com/dust-controlled-floor-sanding/,dust-controlled,assessment,Dust-Controlled Sanding,Dustless Floor Sanding,A Controlled Process,Care for Existing Hardwood,Plan Before Work Begins,Renew Worn Hardwood,Restore Before Replacing,New Orleans Floor Work,Request an Assessment,Scope It Clearly,,,,,,"Explore a careful hardwood process built around condition, scope and your property.",Restore viable hardwood where feasible. We will review limits before work begins.,"From current condition to finished result, begin with a professional assessment.",Serving approved New Orleans areas. Confirm scope and location when you inquire.,None,All combinations require preview; owner/claims approval; placeholder URL QA
Search | Core | Dust Controlled Sanding | Residential,Dust-Controlled Sanding,Paused,conditional launch,Clarity and Relief,https://www.noladustless.com/dust-controlled-floor-sanding/,dust-controlled,assessment,Dust-Controlled Sanding,Dust-Controlled Sanding,New Orleans Hardwood,Understand Your Floor,Plan the Right Next Step,Clear Project Scopes,Request a Floor Review,"Repair, Restore or Install",Talk Through Your Project,Hardwood Work Made Clear,,,,,,Not sure what your floor needs? Start with a clear review of condition and scope.,"Discuss your hardwood project, service area, timing and next practical step.",Get a plan matched to the floor—not a generic flooring recommendation.,Request an assessment. Final scope follows an on-site review.,None,All combinations require preview; owner/claims approval; placeholder URL QA
Search | Core | Dust Controlled Sanding | Residential,Dust-Controlled Sanding,Paused,conditional launch,Process and Outcome,https://www.noladustless.com/dust-controlled-floor-sanding/,dust-controlled,assessment,Dust-Controlled Sanding,Dust-Controlled Sanding,A Controlled Process,Care for Existing Hardwood,Plan Before Work Begins,Renew Worn Hardwood,Restore Before Replacing,New Orleans Floor Work,Request an Assessment,Scope It Clearly,,,,,,"Explore a careful hardwood process built around condition, scope and your property.",Restore viable hardwood where feasible. We will review limits before work begins.,"From current condition to finished result, begin with a professional assessment.",Serving approved New Orleans areas. Confirm scope and location when you inquire.,None,All combinations require preview; owner/claims approval; placeholder URL QA
Search | Core | Dust Controlled Sanding | Residential,Cleaner Refinishing,Paused,conditional launch,Clarity and Relief,https://www.noladustless.com/dust-controlled-floor-sanding/,dust-controlled,assessment,Dust-Controlled Sanding,Cleaner Refinishing,New Orleans Hardwood,Understand Your Floor,Plan the Right Next Step,Clear Project Scopes,Request a Floor Review,"Repair, Restore or Install",Talk Through Your Project,Hardwood Work Made Clear,,,,,,Not sure what your floor needs? Start with a clear review of condition and scope.,"Discuss your hardwood project, service area, timing and next practical step.",Get a plan matched to the floor—not a generic flooring recommendation.,Request an assessment. Final scope follows an on-site review.,None,All combinations require preview; owner/claims approval; placeholder URL QA
Search | Core | Dust Controlled Sanding | Residential,Cleaner Refinishing,Paused,conditional launch,Process and Outcome,https://www.noladustless.com/dust-controlled-floor-sanding/,dust-controlled,assessment,Dust-Controlled Sanding,Cleaner Refinishing,A Controlled Process,Care for Existing Hardwood,Plan Before Work Begins,Renew Worn Hardwood,Restore Before Replacing,New Orleans Floor Work,Request an Assessment,Scope It Clearly,,,,,,"Explore a careful hardwood process built around condition, scope and your property.",Restore viable hardwood where feasible. We will review limits before work begins.,"From current condition to finished result, begin with a professional assessment.",Serving approved New Orleans areas. Confirm scope and location when you inquire.,None,All combinations require preview; owner/claims approval; placeholder URL QA
Search | Core | Dust Controlled Sanding | Residential,Sanding With Containment,Paused,conditional launch,Clarity and Relief,https://www.noladustless.com/dust-controlled-floor-sanding/,dust-controlled,assessment,Dust-Controlled Sanding,Sanding With Containment,New Orleans Hardwood,Understand Your Floor,Plan the Right Next Step,Clear Project Scopes,Request a Floor Review,"Repair, Restore or Install",Talk Through Your Project,Hardwood Work Made Clear,,,,,,Not sure what your floor needs? Start with a clear review of condition and scope.,"Discuss your hardwood project, service area, timing and next practical step.",Get a plan matched to the floor—not a generic flooring recommendation.,Request an assessment. Final scope follows an on-site review.,None,All combinations require preview; owner/claims approval; placeholder URL QA
Search | Core | Dust Controlled Sanding | Residential,Sanding With Containment,Paused,conditional launch,Process and Outcome,https://www.noladustless.com/dust-controlled-floor-sanding/,dust-controlled,assessment,Dust-Controlled Sanding,Sanding With Containment,A Controlled Process,Care for Existing Hardwood,Plan Before Work Begins,Renew Worn Hardwood,Restore Before Replacing,New Orleans Floor Work,Request an Assessment,Scope It Clearly,,,,,,"Explore a careful hardwood process built around condition, scope and your property.",Restore viable hardwood where feasible. We will review limits before work begins.,"From current condition to finished result, begin with a professional assessment.",Serving approved New Orleans areas. Confirm scope and location when you inquire.,None,All combinations require preview; owner/claims approval; placeholder URL QA
Search | Core | Installation | Residential,Hardwood Installation,Paused,conditional launch,Clarity and Relief,https://www.noladustless.com/hardwood-floor-installation/,installation,assessment,Hardwood Installation,Hardwood Installation,New Orleans Hardwood,Understand Your Floor,Plan the Right Next Step,Clear Project Scopes,Request a Floor Review,"Repair, Restore or Install",Talk Through Your Project,Hardwood Work Made Clear,,,,,,Not sure what your floor needs? Start with a clear review of condition and scope.,"Discuss your hardwood project, service area, timing and next practical step.",Get a plan matched to the floor—not a generic flooring recommendation.,Request an assessment. Final scope follows an on-site review.,None,All combinations require preview; owner/claims approval; placeholder URL QA
Search | Core | Installation | Residential,Hardwood Installation,Paused,conditional launch,Process and Outcome,https://www.noladustless.com/hardwood-floor-installation/,installation,assessment,Hardwood Installation,Hardwood Installation,A Controlled Process,Care for Existing Hardwood,Plan Before Work Begins,Renew Worn Hardwood,Restore Before Replacing,New Orleans Floor Work,Request an Assessment,Scope It Clearly,,,,,,"Explore a careful hardwood process built around condition, scope and your property.",Restore viable hardwood where feasible. We will review limits before work begins.,"From current condition to finished result, begin with a professional assessment.",Serving approved New Orleans areas. Confirm scope and location when you inquire.,None,All combinations require preview; owner/claims approval; placeholder URL QA
Search | Core | Installation | Residential,Solid Hardwood Installation,Paused,conditional launch,Clarity and Relief,https://www.noladustless.com/hardwood-floor-installation/,installation,assessment,Hardwood Installation,Solid Hardwood Installation,New Orleans Hardwood,Understand Your Floor,Plan the Right Next Step,Clear Project Scopes,Request a Floor Review,"Repair, Restore or Install",Talk Through Your Project,Hardwood Work Made Clear,,,,,,Not sure what your floor needs? Start with a clear review of condition and scope.,"Discuss your hardwood project, service area, timing and next practical step.",Get a plan matched to the floor—not a generic flooring recommendation.,Request an assessment. Final scope follows an on-site review.,None,All combinations require preview; owner/claims approval; placeholder URL QA
Search | Core | Installation | Residential,Solid Hardwood Installation,Paused,conditional launch,Process and Outcome,https://www.noladustless.com/hardwood-floor-installation/,installation,assessment,Hardwood Installation,Solid Hardwood Installation,A Controlled Process,Care for Existing Hardwood,Plan Before Work Begins,Renew Worn Hardwood,Restore Before Replacing,New Orleans Floor Work,Request an Assessment,Scope It Clearly,,,,,,"Explore a careful hardwood process built around condition, scope and your property.",Restore viable hardwood where feasible. We will review limits before work begins.,"From current condition to finished result, begin with a professional assessment.",Serving approved New Orleans areas. Confirm scope and location when you inquire.,None,All combinations require preview; owner/claims approval; placeholder URL QA
Search | Core | Installation | Residential,Nail-Down Installation,Paused,conditional launch,Clarity and Relief,https://www.noladustless.com/hardwood-floor-installation/,installation,assessment,Hardwood Installation,Nail-Down Installation,New Orleans Hardwood,Understand Your Floor,Plan the Right Next Step,Clear Project Scopes,Request a Floor Review,"Repair, Restore or Install",Talk Through Your Project,Hardwood Work Made Clear,,,,,,Not sure what your floor needs? Start with a clear review of condition and scope.,"Discuss your hardwood project, service area, timing and next practical step.",Get a plan matched to the floor—not a generic flooring recommendation.,Request an assessment. Final scope follows an on-site review.,None,All combinations require preview; owner/claims approval; placeholder URL QA
Search | Core | Installation | Residential,Nail-Down Installation,Paused,conditional launch,Process and Outcome,https://www.noladustless.com/hardwood-floor-installation/,installation,assessment,Hardwood Installation,Nail-Down Installation,A Controlled Process,Care for Existing Hardwood,Plan Before Work Begins,Renew Worn Hardwood,Restore Before Replacing,New Orleans Floor Work,Request an Assessment,Scope It Clearly,,,,,,"Explore a careful hardwood process built around condition, scope and your property.",Restore viable hardwood where feasible. We will review limits before work begins.,"From current condition to finished result, begin with a professional assessment.",Serving approved New Orleans areas. Confirm scope and location when you inquire.,None,All combinations require preview; owner/claims approval; placeholder URL QA
Search | Core | Installation | Residential,Hardwood Installer,Paused,conditional launch,Clarity and Relief,https://www.noladustless.com/hardwood-floor-installation/,installation,assessment,Hardwood Installation,Hardwood Installer,New Orleans Hardwood,Understand Your Floor,Plan the Right Next Step,Clear Project Scopes,Request a Floor Review,"Repair, Restore or Install",Talk Through Your Project,Hardwood Work Made Clear,,,,,,Not sure what your floor needs? Start with a clear review of condition and scope.,"Discuss your hardwood project, service area, timing and next practical step.",Get a plan matched to the floor—not a generic flooring recommendation.,Request an assessment. Final scope follows an on-site review.,None,All combinations require preview; owner/claims approval; placeholder URL QA
Search | Core | Installation | Residential,Hardwood Installer,Paused,conditional launch,Process and Outcome,https://www.noladustless.com/hardwood-floor-installation/,installation,assessment,Hardwood Installation,Hardwood Installer,A Controlled Process,Care for Existing Hardwood,Plan Before Work Begins,Renew Worn Hardwood,Restore Before Replacing,New Orleans Floor Work,Request an Assessment,Scope It Clearly,,,,,,"Explore a careful hardwood process built around condition, scope and your property.",Restore viable hardwood where feasible. We will review limits before work begins.,"From current condition to finished result, begin with a professional assessment.",Serving approved New Orleans areas. Confirm scope and location when you inquire.,None,All combinations require preview; owner/claims approval; placeholder URL QA
Search | Core | Installation | Residential,Match Existing Hardwood,Paused,conditional launch,Clarity and Relief,https://www.noladustless.com/hardwood-floor-installation/,installation,assessment,Hardwood Installation,Match Existing Hardwood,New Orleans Hardwood,Understand Your Floor,Plan the Right Next Step,Clear Project Scopes,Request a Floor Review,"Repair, Restore or Install",Talk Through Your Project,Hardwood Work Made Clear,,,,,,Not sure what your floor needs? Start with a clear review of condition and scope.,"Discuss your hardwood project, service area, timing and next practical step.",Get a plan matched to the floor—not a generic flooring recommendation.,Request an assessment. Final scope follows an on-site review.,None,All combinations require preview; owner/claims approval; placeholder URL QA
Search | Core | Installation | Residential,Match Existing Hardwood,Paused,conditional launch,Process and Outcome,https://www.noladustless.com/hardwood-floor-installation/,installation,assessment,Hardwood Installation,Match Existing Hardwood,A Controlled Process,Care for Existing Hardwood,Plan Before Work Begins,Renew Worn Hardwood,Restore Before Replacing,New Orleans Floor Work,Request an Assessment,Scope It Clearly,,,,,,"Explore a careful hardwood process built around condition, scope and your property.",Restore viable hardwood where feasible. We will review limits before work begins.,"From current condition to finished result, begin with a professional assessment.",Serving approved New Orleans areas. Confirm scope and location when you inquire.,None,All combinations require preview; owner/claims approval; placeholder URL QA
Search | Core | Repair Restoration | Residential,Hardwood Floor Repair,Paused,conditional launch,Clarity and Relief,https://www.noladustless.com/hardwood-floor-repair-restoration/,repair-restorat,assessment,Hardwood Floor Repair,Hardwood Floor Repair,New Orleans Hardwood,Understand Your Floor,Plan the Right Next Step,Clear Project Scopes,Request a Floor Review,"Repair, Restore or Install",Talk Through Your Project,Hardwood Work Made Clear,,,,,,Not sure what your floor needs? Start with a clear review of condition and scope.,"Discuss your hardwood project, service area, timing and next practical step.",Get a plan matched to the floor—not a generic flooring recommendation.,Request an assessment. Final scope follows an on-site review.,None,All combinations require preview; owner/claims approval; placeholder URL QA
Search | Core | Repair Restoration | Residential,Hardwood Floor Repair,Paused,conditional launch,Process and Outcome,https://www.noladustless.com/hardwood-floor-repair-restoration/,repair-restorat,assessment,Hardwood Floor Repair,Hardwood Floor Repair,A Controlled Process,Care for Existing Hardwood,Plan Before Work Begins,Renew Worn Hardwood,Restore Before Replacing,New Orleans Floor Work,Request an Assessment,Scope It Clearly,,,,,,"Explore a careful hardwood process built around condition, scope and your property.",Restore viable hardwood where feasible. We will review limits before work begins.,"From current condition to finished result, begin with a professional assessment.",Serving approved New Orleans areas. Confirm scope and location when you inquire.,None,All combinations require preview; owner/claims approval; placeholder URL QA
Search | Core | Repair Restoration | Residential,Board Replacement,Paused,conditional launch,Clarity and Relief,https://www.noladustless.com/hardwood-floor-repair-restoration/,repair-restorat,assessment,Hardwood Floor Repair,Board Replacement,New Orleans Hardwood,Understand Your Floor,Plan the Right Next Step,Clear Project Scopes,Request a Floor Review,"Repair, Restore or Install",Talk Through Your Project,Hardwood Work Made Clear,,,,,,Not sure what your floor needs? Start with a clear review of condition and scope.,"Discuss your hardwood project, service area, timing and next practical step.",Get a plan matched to the floor—not a generic flooring recommendation.,Request an assessment. Final scope follows an on-site review.,None,All combinations require preview; owner/claims approval; placeholder URL QA
Search | Core | Repair Restoration | Residential,Board Replacement,Paused,conditional launch,Process and Outcome,https://www.noladustless.com/hardwood-floor-repair-restoration/,repair-restorat,assessment,Hardwood Floor Repair,Board Replacement,A Controlled Process,Care for Existing Hardwood,Plan Before Work Begins,Renew Worn Hardwood,Restore Before Replacing,New Orleans Floor Work,Request an Assessment,Scope It Clearly,,,,,,"Explore a careful hardwood process built around condition, scope and your property.",Restore viable hardwood where feasible. We will review limits before work begins.,"From current condition to finished result, begin with a professional assessment.",Serving approved New Orleans areas. Confirm scope and location when you inquire.,None,All combinations require preview; owner/claims approval; placeholder URL QA
Search | Core | Repair Restoration | Residential,Original Floor Restoration,Paused,conditional launch,Clarity and Relief,https://www.noladustless.com/hardwood-floor-repair-restoration/,repair-restorat,assessment,Hardwood Floor Repair,Original Floor Restoration,New Orleans Hardwood,Understand Your Floor,Plan the Right Next Step,Clear Project Scopes,Request a Floor Review,"Repair, Restore or Install",Talk Through Your Project,Hardwood Work Made Clear,,,,,,Not sure what your floor needs? Start with a clear review of condition and scope.,"Discuss your hardwood project, service area, timing and next practical step.",Get a plan matched to the floor—not a generic flooring recommendation.,Request an assessment. Final scope follows an on-site review.,None,All combinations require preview; owner/claims approval; placeholder URL QA
Search | Core | Repair Restoration | Residential,Original Floor Restoration,Paused,conditional launch,Process and Outcome,https://www.noladustless.com/hardwood-floor-repair-restoration/,repair-restorat,assessment,Hardwood Floor Repair,Original Floor Restoration,A Controlled Process,Care for Existing Hardwood,Plan Before Work Begins,Renew Worn Hardwood,Restore Before Replacing,New Orleans Floor Work,Request an Assessment,Scope It Clearly,,,,,,"Explore a careful hardwood process built around condition, scope and your property.",Restore viable hardwood where feasible. We will review limits before work begins.,"From current condition to finished result, begin with a professional assessment.",Serving approved New Orleans areas. Confirm scope and location when you inquire.,None,All combinations require preview; owner/claims approval; placeholder URL QA
Search | Core | Repair Restoration | Residential,Repair Old Wood Floors,Paused,conditional launch,Clarity and Relief,https://www.noladustless.com/hardwood-floor-repair-restoration/,repair-restorat,assessment,Hardwood Floor Repair,Repair Old Wood Floors,New Orleans Hardwood,Understand Your Floor,Plan the Right Next Step,Clear Project Scopes,Request a Floor Review,"Repair, Restore or Install",Talk Through Your Project,Hardwood Work Made Clear,,,,,,Not sure what your floor needs? Start with a clear review of condition and scope.,"Discuss your hardwood project, service area, timing and next practical step.",Get a plan matched to the floor—not a generic flooring recommendation.,Request an assessment. Final scope follows an on-site review.,None,All combinations require preview; owner/claims approval; placeholder URL QA
Search | Core | Repair Restoration | Residential,Repair Old Wood Floors,Paused,conditional launch,Process and Outcome,https://www.noladustless.com/hardwood-floor-repair-restoration/,repair-restorat,assessment,Hardwood Floor Repair,Repair Old Wood Floors,A Controlled Process,Care for Existing Hardwood,Plan Before Work Begins,Renew Worn Hardwood,Restore Before Replacing,New Orleans Floor Work,Request an Assessment,Scope It Clearly,,,,,,"Explore a careful hardwood process built around condition, scope and your property.",Restore viable hardwood where feasible. We will review limits before work begins.,"From current condition to finished result, begin with a professional assessment.",Serving approved New Orleans areas. Confirm scope and location when you inquire.,None,All combinations require preview; owner/claims approval; placeholder URL QA
