Proposed URL,Title tag,Meta description,H1,Search intent,Primary topic,Supporting topics,Internal links,Schema recommendation,Canonical recommendation,Index status recommendation,Claim risk,Content status
/refinishing/,Hardwood Floor Refinishing | NOLA Dustless,"Plan hardwood floor refinishing with a clear assessment, scope, and realistic expectations in Greater New Orleans.",Hardwood Floor Refinishing in Greater New Orleans,Transactional,Hardwood Floor Refinishing,assessment; scope; process; FAQs,request-estimate; gallery; reviews-proof; service-areas,Service; FAQPage (only visible content); BreadcrumbList,Self-referencing at approved production URL,Index after approval,Medium,Prototype; proof/owner approval blocked
/dust-controlled-sanding/,Dust-Controlled Floor Sanding | NOLA Dustless,"Plan dust-controlled floor sanding with a clear assessment, scope, and realistic expectations in Greater New Orleans.",Dust-Controlled Floor Sanding in Greater New Orleans,Transactional,Dust-Controlled Floor Sanding,assessment; scope; process; FAQs,request-estimate; gallery; reviews-proof; service-areas,Service; FAQPage (only visible content); BreadcrumbList,Self-referencing at approved production URL,Index after approval,Medium,Prototype; proof/owner approval blocked
/installation/,Hardwood Floor Installation | NOLA Dustless,"Plan hardwood floor installation with a clear assessment, scope, and realistic expectations in Greater New Orleans.",Hardwood Floor Installation in Greater New Orleans,Transactional,Hardwood Floor Installation,assessment; scope; process; FAQs,request-estimate; gallery; reviews-proof; service-areas,Service; FAQPage (only visible content); BreadcrumbList,Self-referencing at approved production URL,Index after approval,Medium,Prototype; proof/owner approval blocked
/repair-restoration/,Hardwood Floor Repair and Restoration | NOLA Dustless,"Plan hardwood floor repair and restoration with a clear assessment, scope, and realistic expectations in Greater New Orleans.",Hardwood Floor Repair and Restoration in Greater New Orleans,Transactional,Hardwood Floor Repair and Restoration,assessment; scope; process; FAQs,request-estimate; gallery; reviews-proof; service-areas,Service; FAQPage (only visible content); BreadcrumbList,Self-referencing at approved production URL,Index after approval,Medium,Prototype; proof/owner approval blocked
/historic-heart-pine/,Historic and Heart-Pine Restoration | NOLA Dustless,"Plan historic and heart-pine restoration with a clear assessment, scope, and realistic expectations in Greater New Orleans.",Historic and Heart-Pine Restoration in Greater New Orleans,Transactional,Historic and Heart-Pine Restoration,assessment; scope; process; FAQs,request-estimate; gallery; reviews-proof; service-areas,Service; FAQPage (only visible content); BreadcrumbList,Self-referencing at approved production URL,Index after approval,High,Prototype; proof/owner approval blocked
/commercial/,Commercial Hardwood Flooring | NOLA Dustless,"Plan commercial hardwood flooring with a clear assessment, scope, and realistic expectations in Greater New Orleans.",Commercial Hardwood Flooring in Greater New Orleans,Transactional,Commercial Hardwood Flooring,assessment; scope; process; FAQs,request-estimate; gallery; reviews-proof; service-areas,Service; FAQPage (only visible content); BreadcrumbList,Self-referencing at approved production URL,Index after approval,High,Prototype; proof/owner approval blocked
/contractor-builder/,Contractor and Builder Partnerships | NOLA Dustless,"Plan contractor and builder partnerships with a clear assessment, scope, and realistic expectations in Greater New Orleans.",Contractor and Builder Partnerships in Greater New Orleans,Transactional,Contractor and Builder Partnerships,assessment; scope; process; FAQs,request-estimate; gallery; reviews-proof; service-areas,Service; FAQPage (only visible content); BreadcrumbList,Self-referencing at approved production URL,Index after approval,High,Prototype; proof/owner approval blocked
/northshore/,Northshore Hardwood Services | NOLA Dustless,"Plan northshore hardwood services with a clear assessment, scope, and realistic expectations in Approved Northshore Areas.",Northshore Hardwood Services in Approved Northshore Areas,Transactional,Northshore Hardwood Services,assessment; scope; process; FAQs,request-estimate; gallery; reviews-proof; service-areas,Service; FAQPage (only visible content); BreadcrumbList,Self-referencing at approved production URL,Index after approval,High,Prototype; proof/owner approval blocked
/request-estimate/,Request an Estimate | NOLA Dustless,Request an Estimate information for prospective NOLA Dustless hardwood flooring customers.,Request an Estimate,Navigational / conversion,Request an Estimate,privacy; contact; project planning,request-estimate; relevant services,WebPage,Self-referencing at approved production URL,Index after approval,Low,Prototype; approval blocked
/gallery/,Project Gallery | NOLA Dustless,Project Gallery information for prospective NOLA Dustless hardwood flooring customers.,Project Gallery,Navigational / conversion,Project Gallery,privacy; contact; project planning,request-estimate; relevant services,WebPage,Self-referencing at approved production URL,Index after real proof,High,Prototype; approval blocked
/reviews-proof/,Reviews and Proof | NOLA Dustless,Reviews and Proof information for prospective NOLA Dustless hardwood flooring customers.,Reviews and Proof,Navigational / conversion,Reviews and Proof,privacy; contact; project planning,request-estimate; relevant services,WebPage,Self-referencing at approved production URL,Index after real proof,High,Prototype; approval blocked
/service-areas/,Service Areas | NOLA Dustless,Service Areas information for prospective NOLA Dustless hardwood flooring customers.,Service Areas,Navigational / conversion,Service Areas,privacy; contact; project planning,request-estimate; relevant services,WebPage,Self-referencing at approved production URL,Index after owner approval,Low,Prototype; approval blocked
/thank-you/,Thank You | NOLA Dustless,Thank You information for prospective NOLA Dustless hardwood flooring customers.,Thank You,Navigational / conversion,Thank You,privacy; contact; project planning,request-estimate; relevant services,WebPage,Self-referencing at approved production URL,Noindex,Low,Prototype; approval blocked
/form-error/,Form Error | NOLA Dustless,Form Error information for prospective NOLA Dustless hardwood flooring customers.,Form Error,Navigational / conversion,Form Error,privacy; contact; project planning,request-estimate; relevant services,WebPage,Self-referencing at approved production URL,Noindex,Low,Prototype; approval blocked
/privacy-consent/,Privacy and Consent | NOLA Dustless,Privacy and Consent information for prospective NOLA Dustless hardwood flooring customers.,Privacy and Consent,Navigational / conversion,Privacy and Consent,privacy; contact; project planning,request-estimate; relevant services,WebPage,Self-referencing at approved production URL,Index after legal approval,High,Prototype; approval blocked
